"question","answer"
"あなたはゴルフをしますか。","Do you play golf?"
"あなたはピアノの練習をしますか。","Do you practice the piano?"
"あなたは経済学を教えていますか。","Do you teach economics?"
"あなたは毎日ジョギングをしていますか。","Do you jog every day?"
"あなたは毎朝シャワーを浴びますか。","Do you take a shower every morning?"
"あなたは毎日ビルに会いますか。","Do you see Bill every day?"
"彼は出版社で働いているのですか。","Does he work for a publishing company?"
"彼は毎日残業するのですか。","Does he work overtime every day?"
"彼は毎月出張するのですか。","Does he travel on business every month?"
"彼女はポルトガル語を話しますか。","Does she speak Portuguese?"
"彼女は毎日庭を掃除するのですか。","Does she clean the yard every day?"
"彼女は歩いて学校に行くのですか。","Does she go to school on foot?"
"あなたのお父さんは会社へ車で行くのですか。","Does your father drive to the office?"
"あなたのお母さんはギリシャ語を話しますか。","Does your mother speak Greek?	/[griːk]"
"あなたのお姉さんは毎日バイオリンの練習をするのですか。","Does your sister practice the violin every day?	"
"あなたのおばあさんは毎日午後昼寝をするのですか。","Does your grandmother take a nap every afternoon?	/[næp]"
"あなたのお兄さんはワンルームマンションに住んでいるのですか。","Does your brother live in a studio?	/[stúːdiòu]"
"あなたのお兄さんは大蔵省で働いているのですか。","Does your brother work for the Finance Ministry?"
"あなたのお兄さんはどこで働いていますか。","Where does your older brother work?"
"あなたの妹さんはどこでオランダ語を学んでいますか。","Where does your little sister study Dutch?"
"あなたは毎日どこで昼食を食べますか。","Where do you have lunch every day?"
"ビルはどこに住んでいますか。","Where does Bill live?"
"あなたは毎朝どこで電車を乗り換えますか。","Where do you change trains every morning?"
"あなたのお父さんは何が好きですか。","What does your father like?"
"あなたは毎週日曜日に何をしますか。","What do you do every Sunday?"
"あなたは朝食に何を食べますか。","What do you eat for breakfast?"
"あなたは夕食の後何を飲みますか。","What do you drink after dinner?"
"あなたのお母さんは中央大学で何を教えていますか。","What does your mother teach at Chuo University?"
"あなたは何が必要なのですか。","What do you need?"
"あなたはいつアメリカに行きますか。","When do you go to America?"
"彼はいつ日本に来ますか。","When does he come to Japan?"
"あなたはいつ私のタイプライターが必要なのですか。","When do you need my typewriter?"
"あなたはいつ彼らに会いますか。","When do you see them?"
"彼はいつ立ち寄りますか。","When does he drop in?"
"彼はなぜ私の秘密を知っているのですか。","Why does he know my secret?"
"彼はなぜ毎日そこへ行くのですか。","Why does he go there every day?"
"あなたはなぜ彼を尊敬しているのですか。","Why do you respect him?"
"あなたはなぜ彼を避けているのですか。","Why do you stay away from him?"
"彼女はなぜ彼を嫌っているのですか。","Why does she hate him?"
"あなたはなぜ彼とうまくやっていけないのですか。","Why don't you get along with him?"
"あなたは小説家なのですか。","Are you a novelist?"
"あなたは税理士なのですか。","Are you a tax specialist?"
"あなたは彼の秘書なのですか。","Are you his secretary?"
"あなたは薬剤師なのですか。","Are you a chemist?"
"あなたは公務員なのですか。","Are you a civil servant?"
"あなたは警備員なのですか。","Are you a security guard?"
"伊勢丹は今開いていますか。","Is Isetan open now?"
"彼は有名なのですか。","Is he famous?"
"サンフランシスコは安全な町ですか。","Is San Francisco a safe city?"
"彼の家は美しいですか。","Is his house beautiful?"
"彼女のご主人は背が高いですか。","Is her husband tall?"
"この本は面白いですか。","Is this book interesting?"
"彼はあなたのことを怒っているのですか。","Is he angry with you?"
"彼は長男ですか。","Is he the oldest son?"
"彼女はあなたに親切ですか。","Is she nice to you?"
"彼の車は白いのですか。","Is his car white?"
"彼女は慶応の講師ですか。","Is she an instructor at Keio?"
"誰が彼の話しを信じているのですか。","Who believes his story?"
"誰があのレストランを所有しているのですか。","Who owns that restaurant?"
"誰が彼の奥さんを知っているのですか。","Who knows his wife?"
"何人の人があの会社で働いていますか。","How many people work in that office?"
"何人の人が毎日新宿駅を利用しているのですか。","How many people use Shinjuku Station every day?"
"何人の人がこのアパートに住んでいるのですか。","How many people live in this apartment house?"
"私は彼を知りません。","I don't know him."
"私は彼を信用していません。","I don't trust him."
"私はタバコを吸いません。","I don't smoke."
"私はアルコールを飲みません。","I don't drink alcohol."
"私は朝食を食べません。","I don't eat breakfast."
"私達はあなたに同意しません。","We don't agree with you."
"私達は朝早く起きません。","We don't get up early in the morning."
"私達は甘いものが好きではありません。","We don't like sweets."
"彼等は一生懸命働きません。","They don't work hard."
"彼等はジャイアンツを応援しません。","They don't root for the Giants."
"彼等は日曜日に外食をしません。","They don't eat out on Sunday."
"息子は私に似ていません。","My son doesn't look like me."
"娘は私に話しかけません。","My daughter doesn't speak to me."
"彼女は甘いものが好きではありません。","She doesn't like sweets."
"彼女はそれを覚えていません。","She doesn't remember that."
"彼は風邪をひいていません。","He doesn't have a cold."
"彼は咳が出ません。","He doesn't have a cough."
"私はお腹がすいていません。","I'm not hungry."
"私は病気ではありません。","I'm not ill."
"私は社交的ではありません。","I'm not sociable."
"私は気前がよくありません。","I'm not generous."
"私はけちではありません。","I'm not stingy."
"私は疲れていません。","I'm not tired."
"あなたは間違っていません。","You're not wrong."
"あなたは私にフェアではありません。","You're not fair to me."
"あなたは遅れていません。","You're not late."
"あなたはそれに責任がありません。","You aren't responsible for it."
"あなたは注意深くない。","You aren't careful."
"日本人はなまけものではありません。","Japanese people aren't lazy."
"アメリカ人は勤勉ではありません。","American people aren't hardworking."
"イギリス人は外人に親しみやすくありません。","British people aren't friendly to foregners."
"あの人達は正直ではありません。","Those people aren't hosest."
"これらの本は面白くありません。","These books aren't interesting."
"あれらの車は新しくありません。","Those cars aren't new."
"日本は危険ではありません。","Japan isn't dangerous."
"彼は貧乏ではありません。","He isn't poor."
"うちの会社は大きくありません。","Our company isn't big."
"私の車は新しくありません。","My car isn't new."
"私のアパートは静かではありません。","My apartment isn't quiet."
"あの時計は進んでいません。","That clock isn't fast."
"私の時計は遅れていません。","My watch isn't slow."
"この服は派手ではないです。","This cloth isn't showy."
"このレストランの料理はおいしくないです。","The food in this restaurants isn't delicious."
"この生地はもちがよくないです。","This fabric isn't durable."
"この牛乳はくさっていません。","This milk isn't sour."
"値段は手ごろではないです。","The price isn't reasonable."
"彼は私より早く起きます。","He gets up earlier than I do."
"彼は私より住宅市場をよく知っています。","He knows the housing market better than I do."
"彼は私より遅くパーティに来ました。","He came to the party later than I did."
"彼は私より熱心に勉強します。","He studies harder than I do."
"彼は私より食べるのが早い。","He eats faster than I do."
"彼は私より流暢にフランス語を話します。","He speaks French better than I do."
"ビルは彼女より10分早くここへ来た。","Bill got here ten minutes earlier than she did."
"ビルは彼女より30分遅く起きた。","Bill got up half an hour later than she did."
"メアリーは彼女より熱心に勉強した。","Mary studied harder than she did."
"メアリーは彼女より頻繁に私を手伝ってくれた。","Mary helped me more often than she did."
"メアリーは私達よりエネルギッシュに働いた。","Mary worked more energetically than we did."
"メアリーは私達より流暢にロシア語を話した。","Mary spoke Russian more fluently than we did."
"彼はアメリカの食べ物が恋しいんです。","He misses American food."
"彼は家族がいなくて淋しがっています。","He misses his family."
"彼は毎朝髪を洗います。","He washes his hair every morning."
"彼は毎晩テレビを見ます。","He watches TV every evening."
"彼は毎日会社へ行きます。","He goes to the office every day."
"彼は慶応で化学を教えています。","He teaches chemistry at Keio."
"メアリーは英語、フランス語、ドイツ語を勉強しています。","Mary studies English, French and German."
"ビルは毎朝テレビを見ます。","Bill watches TV every morning."
"ジェーンは毎朝郵便局のそばを通ります。","Jane passes the post office every morning."
"ジュディは毎朝髪を洗います。","Judy washes her hair every morning."
"花子は毎年アメリカに行きます。","Hanako goes to America every year."
"私はりんごが好きです。","I like apples."
"私はうさぎが大好きです。","I like rabbits a lot."
"私はロシア民謡が好きです。","I like Russian folk songs."
"私は猫は好きではありません。","I don't like cats."
"私はメロドラマが好きです。","I like soap operas."
"私は明るい色が好きです。","I like bright colors."
"私は派手な色は好きではありません。","I don't like showy colors."
"私は白ワインが好きです。","I like white wine."
"私はフランス料理が好きです。","I like French food."
"私は牛肉が好きです。","I like beef."
"私は春が好きです。","I like spring."
"私は冬は好きではありません。","I don't like winter."
"私は夏が一番好きです。","I like summer best."
"私は水曜日が一番好きです。","I like Wednesday best."
"私は10月が一番好きです。","I like October best."
"タクシーで行きなさい。","Take a taxi."
"電話に出てください。","Answer the phone."
"いつかお立ち寄りください。","Stop in someday."
"私に本当のことを話しなさい。","Tell me the truth."
"私の話を聞いてください。","Listen to me."
"私に夕食をおごってください。","Buy me dinner."
"それをあきらめなさい。","Give it up."
"彼を見送りなさい。","See him off."
"彼等を起こしてください。","Wake them up."
"それを捨てなさい。","Throw it away."
"それをつけなさい。","Turn it on."
"それを脱ぎなさい。","Take it off."
"静かにしなさい。","Be quiet."
"気をつけてください。","Be careful."
"彼等に親切にしなさい。","Be kind to them."
"彼等に親しみやすくなりなさい。","Be friendly to them."
"彼等に愛想よくしなさい。","Be nice to them."
"冷静になりなさい。","Be cool."
"よい学生になりなさい。","Be a good student."
"弟達のよい見本になりなさい。","Be a good example to your brothers."
"よい市民になりなさい。","Be a good citizen."
"負けてもぶつぶつ言わない人になりなさい。","Be a good loser."
"よい息子になりなさい。","Be a good boy."
"さっぱりした人になりなさい。","Be a good sport."
"聞き上手になってください。","Be a good listener."
"働き過ぎては駄目ですよ。","Don't work too hard."
"彼に話しかけないでください。","Don't speak to him."
"私に10時過ぎは電話しないでください。","Don't call me after 10:00."
"食べ過ぎないでください。","Don't eat too much."
"彼に妥協しないでください。","Don't compromise with him."
"彼の感情をもて遊んでは駄目ですよ。","Don't play with his feelings."
"彼は早稲田大学の教授です。","He is a professor at Waseda University."
"彼は早稲田大学の学長です。","He is the President of Waseda University."
"彼は営業部長です。","He is the General Manager of the Business Division."
"彼は営業部の一員です。","He is a member of the Business Division."
"彼はこの会社の社長です。","He is the President of this company."
"彼はこの会社の社員です。","He is an employee of this company."
"あなたは今朝バスに間に合いましたか。","Did you catch the bus this morning?"
"試験は難しかったですか。","Was the test hard?"
"（ニューヨークを旅行中）医者に見てもらいなさい。","See a doctor."
"彼女は駅で背の高い男性と話していました。","She was talking to a tall guy at the station."
"あなたは入り口の所にいる背の高い男性を知っていますか。","Do you know the tall guy at the door?"
"今朝私は公園でハンサムな男性を見ました。","This morning I saw a good-looking guy in the park."
"これらは私の本です。","These are my books."
"これらは彼の本です。","These are his books."
"これらは私達の本です。","These are our books."
"これらはジムの本です。","These are Jim's books."
"これらは彼等の本です。","These are their books."
"これらはトムの本です。","These are Tom's books."
"これらは母の本です。","These are my mother's books."
"これらの本は私のものです。","These books are mine."
"これらの本は彼女のものです。","These books are hers."
"これらの本は私達のものです。","These books are ours."
"これらの本はあなたのものです。","These books are yours."
"これらの本は彼等のものです。","These books are theirs."
"これらの本は彼のものです。","These books are his."
"これらの本は私の父のものです。","These books are my father's"
"あれらは私の父のものです。","Those are my father's."
"あれらは私の姉のものです。","Those are my older sister's."
"あれらは私の弟のものです。","Those are my younger brother's."
"あれらはベティのものです。","Those are Betty's."
"あれらはジェーンのものです。","Those are Jane's."
"あれらの本はビルのものです。","Those books are Bill's."
"あれらの本は私の息子のものです。","Those books are my son's."
"あれらの本はメアリーのものです。","Those books are Mary's."
"あれらの本は私の祖父のものです。","Those books are my grandfather's."
"あれらの本は私の娘のものです。","Those books are my daughter's."
"これは彼のスケートです。","These are his skates."
"これは彼のスキーです。","These are his skis."
"これはトムのメガネです。","These are Tom's glasses.	/[glæsiz]"
"これはジムのズボンです。","These are Jim's pants.	/[pænts]"
"これはジャックのズボンです。","These are Jack's trousers.	/[trauzəz]"
"あれはベティのくつ下です。","Those are Betty's socks."
"あれはベティのストッキングです。","Those are Betty's stockings."
"あれはメアリーのハサミです。","Those are Mary's scissors.	/[sizəz]"
"あれはメアリーの長靴です。","Those are Mary's boots."
"あれはメアリーの手袋です。","Those are Mary's gloves.	/[glʌvz]"
"私は和英辞典を持っていません。あなたは持っていますか。","I don't have a Japanese-English dictionary. Do you have one?"
"私は地図をなくしたので、買わなければなりません。","I lost my map, so I have to buy one.	/[lɔːst]"
"もしペンが必要なら、あなたにお貸ししましょう。","If you need a pen, I'll lend you one."
"もしペンが必要なら、机の上にあります。","If you need a pen, there is one on the desk."
"彼は車を持っています。そして私も欲しいです。","He has a car and I want one as well."
"A:彼は別荘を持っています。B:それはどこにありますか。","A: He has a vacation house. B: Where is it?"
"A:あなたはこのホッチキスが必要ですか。 B:はい、私は必要です。","A: Do you need this stapler? B: Yes, I need it."
"もしあなたがこの辞書が欲しいのなら、さしあげます。","If you want this dictionary, you can have it."
"父は私にドイツの車を買ってくれました。それは調子いいです。","My father bought me a German car. It runs well.	/[bɔːt]"
"もしあなたが消しゴムをもっているのなら、私に貸していただけますか。","If you have an eraser, will you lend it to me?"
"私はカメラをなくしてしまった。だから新しいのを買わねばならない。","I lost my camera, so I have to buy a new one."
"私は日本の車をもっているのですが、フランスの車が欲しいんです。","I have a Japanese car, but I want a French one."
"私は車を２台もっています。私は白い車を売るつもりです。","I have two cars. I'm going to sell the white one."
"このマフラーは高すぎます。私はもっと安いのが欲しいんです。","This scarf is too expensive. I want a cheaper one."
"このオーバーは小さすぎます。もっと大きいのを見せてください。","This overcoat is too small. Please show me a larger one."
"ジェーンはおばあさんに似ています。","Jane's like her grandmother."
"彼は私に似ています。","He's like me."
"ビルは母親より父親に似ています。","Bill's more like his father than his mother."
"東京はいろいろな点でニューヨークに似ています。","Tokyo is like New York in many ways."
"この写真は全く彼に似ていません。","This picture isn't like him at all."
"シカゴはどんなところですか。","What is Chicago like?"
"彼女はどのような人ですか。","What is she like?"
"彼の事務所はどんなふうですか。","What is his office like?"
"トムはガツガツ食べます。","Tom eats like a pig."
"彼女は私の母のような話し方をします。","She talks like my mother."
"その町に小さな大学があります。","There's a small college in that city."
"私の家の近くに美しい公園があります。","There's a beautiful park near my house."
"店の正面に小型車があります。","There's a small car in front of the store."
"テーブルの上に札入れがあります。","There's a wallet on the table."
"富士銀行の裏に図書館があります。","There's a library behind the Fuji Bank."
"入口にハンサムな男性がいます。","There's a handsome man at the door."
"門の所にきれいな女性がいます。","There's a pretty woman at the gate."
"庭に背の高い女性がいます。","There's a tall lady in the garden."
"店の正面に外国人がいます。","There's a foreigner in front of the store."
"隣の部屋に美しい女性がいます。","There's a good-looking girl in the next room."
"壁に美しい絵がかかっています。","There's a lovely picture on the wall."
"車にかわいい女の子が乗っています。","There's a cute girl in the car."
"バスに非常に魅力的な女性が乗っています。","There's a very attractive lady on the bus."
"冷蔵庫にたくさんのミルクが入っています。","There's a lot of milk in the fridge."
"冷蔵庫にいくらかハムが入っています。","There's some ham in the refrigerator."
"袋にたくさんの本が入っています。","There're a lot of books in the bag."
"かごにたくさんのリンゴが入っています。","There're a lot of apples in the basket."
"壁に何枚かの美しい絵がかかっています。","There're some beautiful pictures on the wall."
"バスに何人かの大学生が乗っています。","There're some college students on the bus."
"タクシーに５人乗っています。","There're five people in the taxi."
"ニューヨークに大勢のギリシャ人がいます。","There're a lot of Greek people in New York."
"あの学校にたくさんの学生がいます。","There're a lot of students in that school."
"イギリス大使館の周りにたくさん人がいます。","There're a lot of people around the British Embassy."
"その学校に何人かの留学生がいます。","There're some foreign students in that school."
"店の正面に大勢の人がいます。","There're a lot of people in front of the store."
"ロンドンに多数の美しい公園があります。","There're a lot of beautiful parks in London."
"ニューヨークに多数のギリシャ料理店があります。","There're a lot of Greek restaurants in New York."
"アメリカに約５千の大学があります。","There're about five thousand colleges in the United States."
"アメリカに50の州があります。","There're fifty states in the United States."
"六本木に多数の高級レストランがあります。","There're a lot of fancy restaurants in Roppongi."
"この辺に郵便局がありますか。","Is there a post office near here?"
"この辺に公園がありますか。","Is there a park near here?"
"この周りに瀬戸物屋がありますか。","Is there a china shop around here?"
"阿佐ヶ谷駅の近くに病院がありますか。","Is there a hospital near Asagaya Station?"
"この辺に高級なアパートがありますか。","Is there a fancy apartment house near here?"
"事務所に誰かいますか。","Is there somebody in the office?"
"門の外に男性がいますか。","Is there a man at the gate?"
"その学校にアメリカ人の先生がいますか。","Is there an American teacher in that school?"
"ロビーに背の高い男性がいますか。","Is there a tall guy in the lobby?"
"事務所に美しい女性がいますか。","Is there a good-looking girl in the office?"
"四谷に多くの高級レストランがありますか。","Are there many high-class restaurants in Yotsuya?"
"この辺に何軒かいい英語学校がありますか。","Are there any good English schools around here."
"横浜に多くの美しい家がありますか。","Are there many beautiful homes in Yokohama?"
"パリに多くの日本の会社がありますか。","Are there many Japanese companies in Paris?"
"渋谷駅の周りに多くのいいレストランがありますか。","Are there many nice restaurants around Shibuya Station?"
"この辺にたくさんの弁護士がいますか。","Are there many attorneys around here?"
"その学校にたくさんのアメリカの学生がいますか。","Are there a lot of American students in that school?"
"待合室にたくさんの人がいますか。","Are there a lot of people in the waiting room?"
"その学校に何人かの留学生がいますか。","Are there any foreign students in that school?"
"彼の事務所にたくさんの女性従業員がいますか。","Are there a lot of female employees in his office?"
"あなたの会社にいくつの部がありますか。","How many divisions are there in your company?"
"イギリスにはいくつ大学がありますか。","How many universities are there in England?"
"駅の周りにいくつの銀行がありますか。","How many banks are there around the station?"
"あの建物は何階建てですか。","How many floors are there in that building?"
"祝日は１年に何日ありますか。","How many national holidays are there in a year?"
"中国に何人の人がいますか。","How many people are there in China?"
"あなたの会社に外国の社員は何人いますか。","How many foreign employees are there in your company?"
"このアパートに外人は何人いますか。","How many foreigners are there in this apartment house?"
"フランスに何人の弁護士がいますか。","How many lowyers are there in France?"
"ドイツには何人の大学生がいますか。","How many college students are there in Germany?"
"営業課には何人の人がいますか。","How many people are there in the Business Section?"
"ジムは今家にいます。","Jim is at home now."
"ジムは７階にいます。","Jim is on the seventh floor."
"ジムは地下にいます。","Jim is in the basement."
"ジムは会社にいます。","Jim is at the office."
"ジムは今学校にいます。","Jim is at school now."
"彼等は今ギリシャにいます。","They are in Greece now."
"私の両親はスイスにいます。","My parents are in Switzerland."
"彼は書斎にいます。","He's in the study."
"メアリーは台所にいます。","Mary is in the kitchen."
"お母さんは庭にいます。","Mom is in the garden."
"うちの本社はニューヨークにあります。","Our head office is in New York."
"私達の大学は横浜にあります。","Our college is in Yokohama."
"彼の店は駅の近くにあります。","His shop is near the station."
"私達の食堂は５階にあります。","Our restaurant is on the fifth floor."
"私の別荘はフロリダにあります。","My villa is in Florida."
"郵便局は角を曲がった所にあります。","The post office is around the corner."
"あなたの時計は鏡台の上にあります。","Your watch is on the dressing table."
"私の辞書はソファーの上にあります。","My dictionary is on the sofa."
"あなたのバッグは車の中にあります。","Your bag is in the car."
"あなたのオーバーコートは洋服ダンスにあります。","Your overcoat is in the wardrobe."
"あなたの帽子は戸棚の中にあります。","Your hat is in the closet."
"パスポートは金庫の中にあります。","The passport is in the safe."
"A:あなたはどこにいますか。/B:私は渋谷駅の近くにいます。","A:Where are you?/B:I'm close to Shibuya Station."
"A:ジムはどこにいますか。/B:彼は５階にいます。","A:Where is Jim?/B:He's on the fifth floor."
"A:彼は外にいますか。/B:はい、彼は中庭にいます。","A:Is he outside?/B:Yes, he's in the courtyard."
"彼はあなたと一緒にいるのですか。","Is he with you?"
"あなたは今、両親と一緒にいますか。","Are you with your parents now?"
"誰が隣の部屋にいるのですか。","Who's in the next room?"
"彼と一緒にいるのは誰ですか。","Who's with him?"
"１階にいるのは誰ですか。","Who's downstairs?"
"２階にいるのは誰ですか。","Who's upstairs?"
"あなたは誰と一緒にいるのですか。","Who're you with?"
"彼女は誰と一緒にいるのですか。","Who's she with?"
"バッグの中に何がありますか。","What's in the bag?"
"お皿の上に何がありますか。","What's on the plate?"
"あなたのポケットに何が入っていますか。","What's in your pocket?"
"テーブルの下に何がありますか。","What's under the table?"
"ベッドの上に何がありますか。","What's on the bed?"
"ここに計算機があります。","Here is a calculator."
"ここにオランダ語の辞書があります。","Here's a Dutch dictionary."
"ここにくしがあります。","Here's a comb."
"ここに三角定規があります。","Here's a triangle."
"ここにホッチキスがあります。","Here's a stapler."
"ここにボールペンがあります。","Here's a ball-point pen."
"ここに黒パンがあります。","Here's some brown bread."
"ここにデンマークのバターがあります。","Here's some Danish butter."
"ここにイタリアのチーズがあります。","Here's some Italian cheese."
"ここにカナダの小麦粉があります。","Here's some Canadian wheat flour."
"ここに塩があります。","Here's some solt."
"ここにフランスの石鹸があります。","Here's some French soap."
"ここに風邪薬があります。","Here's some cold medicine."
"ここに６枚のチェコのお皿があります。","Here are six Czechoslovakian plates."
"ここに３枚の盛り皿があります。","Here're three dishes."
"ここに５枚の世界地図があります。","Here're five world maps."
"ここに３冊のギリシャの地図帳があります。","Here're three Greek atlases."
"ここにいくつかロシアの旗があります。","Here're some Russian flags."
"ここにいくつかビルマ語の本があります。","Here're some Burmese books."
"駅の近くにいくつか人材銀行があります。","There are some employment agencies near the station."
"駅の回りに何件か花屋があります。","There are some florists around the station."
"コーヒーに少し砂糖をふりかけてください。","Put some sugar in the coffee."
"それに少し塩をふりかけてください。","Sprinkle some salt on it."
"私は彼に対して少し魅力を感じています。","I feel some attraction towards him."
"あなたには何人か部下がいるのですか。","Do you have any assistants?"
"お宅の社には何人かアメリカ人の重役がいるのですか。","Are there any American executives in your office?"
"あなたの家の近くに何件か電気屋がありますか。","Are there any electric shops near your house?"
"ヒーターにいくらか石油がはいっていますか。","Is there any oil in the heater?"
"緑茶にビタミンＣが入っていますか。","Does green tea have any Vitamin C in it?"
"彼に多少横柄さがありますか。","Does he have any arrogance?"
"彼に多少創造力があるのですか。","Does he have any creativity?"
"私は高級なドレスは一枚も持っていません。","I don't have any quality dresses."
"私は水玉のネクタイは一本も持っていません。","I don't have any polka-dot ties."
"この辺には教習所は（ひとつも）ありません。","There aren't any driving schools around here."
"この辺には俳優養成所は（ひとつも）ありません。","There aren't any acting schools near here."
"私はパーティーで牛肉は（少しも）食べませんでした。","I didn't eat any beef at the party."
"私には（少しも）見栄はありません。","I don't have any vanity."
"彼には（少しも）積極性がありません。","He doesn't have any gumption."
"A:彼は一生懸命働きます。/B:これは難しい問題だ。","A:He works hard./B:This is a hard question."
"A:彼は起きるのが早い。/B:彼は早起きだ。","A:He gets up early./B:He is an early riser."
"A:彼は起きるのが遅い。/B:彼は朝寝坊だ。","A:He gets up late./B:He is a late riser."
"A:まず彼を訪ねなさい。/B:毎朝彼は始発電車に乗ります。","A:Vist him first./B:Every morning he takes the first train."
"A:毎日彼は最後に来ます。/B:毎日彼は終電に乗ります。","A:Every day he comes last./B:Every day he takes the last train."
"A:彼は優しい医者です。/B:彼は優しく私を手伝ってくれます。","A:He is a kind doctor./B:He helps me kindly."
"A:彼は安全運転です。/B:彼は注意深く運転します。","A:He is a careful driver./B:He drives carefully."
"A:普通列車に乗りなさい。/B:彼は歩くのが遅い。","A:Take a slow train./B:He walks slowly."
"A:彼は働き者です。/B:彼は忙しく働きます。","A:He is a busy man./B:He works busily."
"A:彼女は美しい家を持っています。/B:彼女はあざやかにピアノを演奏します。","A:She has a beautiful house./B:She plays the piano beautifully."
"彼の店は今開いています。","His store is open now."
"この時計は進んでいます。","This watch is fast."
"あの時計は３分遅れています。","That clock is three minutes slow."
"彼は私のことを怒っています。","He's angry with me."
"彼はお父さんに似ています。","He's like his father."
"私はこの時間は忙しいです。","I'm busy at this time."
"彼は結婚しています。","He's married."
"彼は興奮しています。","He's excited."
"彼はけがしています。","He's injured."
"彼の店は今閉まっています。","His store is closed now."
"彼はへとへとに疲れています。","He's exhausted."
"スイスでは５ヶ国語使われています。","Five languages are spoken in Switzerland."
"彼は公認会計士になりたいんです。", "He wants to be a CPA."
"彼は良い政治家になるでしょう。", "He'll be a good statesman."
"私は外交官になりたかったんです。", "I wanted to be a diplomat."
"彼は外科医になるつもりです。", "He's going to be a surgeon."
"あなたは将来何になりたいのですか。", "What do you want to be in the future?"
"あなたは将来何になるつもりですか。", "What are you going to be in the future?"
"彼は君に怒るでしょう。", "He'll be mad at you."
"明日は暑くなるでしょう。", "It'll be hot tomorrow."
"今年の夏は寒くなるでしょう。", "It'll be cold this summer."
"あなたはまもなく疲れるでしょう。", "You'll soon be tired."
"彼は興奮するでしょう。", "He'll be excited."
"彼は感情的になるでしょう。", "He'll be emotional."
"外国へ行きましょう。", "Let's go abroad."
"彼は毎週金曜日にそこへ行きます。", "He goes there every Friday."
"彼は毎週金曜日にここへ来ます。", "He comes here every Friday."
"階下へ行きましょう。", "Let's go downstairs."
"上の階へ行きましょう。", "Let's go upstairs."
"中心街へ行きましょう。", "Let's go downtown."
"山の手へ行きましょう。", "Let's go uptown."
"あなたは昨日どこへ行ったのですか。", "Where did you go yesterday ?"
"私の話を聞いてください。", "Listen to me."
"彼と話しなさい。", "Talk to him."
"私はあなたに同意します。", "I agree with you."
"彼は新しい仕事に成功するでしょう。", "He'll succeed in his new business."
"彼は新しい仕事に失敗するでしょう。", "He'll fail in his new business."
"彼は早稲田大学を卒業しました。", "He graduated from Waseda University."
"私は犬が怖い。", "I'm afraid of dogs."
"私は父を誇りにしています。", "I'm proud of my father."
"私はそのことを確信しています。", "I'm sure of it."
"私は健康に気を付けている。", "I'm careful about my health."
"私は彼の問題を知っています。", "I'm aware of his problem."
"私は彼のことを怒っています。", "I'm mad at him."
"あなたは何人部下がいるのですか。", "How many assistants do you have?"
"あなたは何人お客さんがいますか。", "How many customers do you have?"
"あなたは何人兄さんがいますか。", "How many older brothers do you have?"
"あなたは何人妹さんがいますか。", "How many younger sisters do you have?"
"毎晩あなたは何時間ねますか。", "How many hours do you sleep every night?"
"何回あなたはこの本を読みましたか。", "How many times did you read this book?"
"何回あなたは去年外国へ行きましたか。", "How many times did you go abroad last year?"
"何回あなたは彼と話し合いましたか。", "How many times did you talk to him?"
"何回あなたは昨夜トイレにいきましたか。", "How many times did you go to the bathroom last night?"
"何回彼は今日あなたに電話してきましたか。", "How many times did he call you today?"
"何回彼は結婚したのですか。", "How many times did he get married?"
"何回彼女は昨年入院しましたか。", "How many times was she hospitalized last year?"
"あなたはどのくらいお金の待ち合わせがありますか。", "How much money do you have with you?"
"あなたは毎晩どれ位コーヒーをのみますか。", "How much coffee do you drink every evening "
"あなたは毎月どれ位お金を稼ぎますか。", "How much money do you make every month?"
"あなたはどれ位夕食でワインを飲みますか。", "How much wine do you drink with dinner?"
"あなたはどの位コーヒーに砂糖を入れましたか。", "How much sugar did you put in the coffee?"
"私達は１日にどの位塩分を取れるのですか。", "How much salt can we take a day?"
"イランは１年にどの位石油を輸出するのですか。", "How much oil does Iran export a year?"
"あなたはいくつですか。", "How old are you?"
"彼等はいくつですか。", "How old are they?"
"あなたの上司はいくつですか。", "How old is your boss?"
"あなたの秘書は何歳ですか。", "How old is your secretary?"
"あなたのレストランは開店してから何年になりますか。", "How old is your restaurant?"
"うちの会社は設立してから何年になるのですか。", "How old is our company?"
"ミシシッピー河の長さはどれ位ですか。", "How long is the Mississippi?"
"ワンレッスンはどれ位の長さですか。", "How long is one lesson?"
"あなたの夏休みはどれ位の長さですか。", "How long is your summer vacation?"
"あなたの昼食時間はどれ位ですか。", "How long is your lunchtime?"
"あなたのズボンの長さはどれ位ですか。", "How long are your trousers?  /[trάʊzəz]"
"あなたの車はどの位の大きさですか。", "How big is your car?"
"あなたのウエストはどの位ありますか。", "How big is your waistline? /[wéɪstlàɪn]"
"彼の会社はどの位大きいのですか。", "How big is his office?"
"彼の別荘はどの位大きいのですか。", "How big is his villa?"
"彼のレストランはどの位大きいのですか。", "How big is his restaurant?"
"エリー湖はどの位大きいのですか。", "How big is Lake Erie?"
"あなたのクツのサイズはいくつかですか。", "How big are your shoes?"
"どれ位速くあなたは車を運転することができますか。", "How fast can you drive?"
"どれ位速くあなたは走ることができますか。", "How fast can you run?"
"どれ位速くあなたはワープロを打てますか。", "How fast can you type on a wordprocessor?"
"どれ位早く明朝あなたに電話をかけられますか。", "How early can I call you tomorrow morning?"
"どれ位早く明日あなたはここへ来れますか。", "How early can you get here tomorrow?"
"どれ位早く私に連絡できますか。", "How early can you get in touch with me?"
"どの位彼はドイツに住んでいましたか。", "How long did he live in Germany?"
"どの位あなたは彼等を待ちましたか。", "How long did you wait for them?"
"どの位彼はあなたの下で働きましたか。", "How long did he work under you?"
"どの位あなたはそこで時間をつぶしていましたか。", "How long did you kill time there?"
"どの位あなたはギターの練習をしましたか。", "How long did you practice the guitar?"
"どの位前に彼は外出しましたか。", "How long ago did he go out?"
"どの位前に彼等はこのアパートから引っ越したのですか。", "How long ago did they move out of this apartment?"
"どの位前に彼等はこのアパートに引っ越してきたのですか。", "How long ago did they move into this apartment?"
"どの位前に彼は退社しましたか。", "How long ago did he leave the office?"
"どの位前に彼は立ち寄りましたか。", "How long ago did he stop in?"
"どの位前に彼は仕事をやめたのですか。", "How long ago did he quit his job?"
"彼等はどの位上手にオランダ語を話しますか。", "How well can they speak Dutch?"
"彼はどの位上手にヴァイオリンが弾けますか。", "How well can he play the violin?"
"あなたは何時まで私といられるのですか。", "How late can you stay with me?"
"私は今夜何時まで電話していいのですか。", "How late can I phone you tonight?"
"あなたは昨日どこまで行ったのですか。", "How far did you go yesterday?"
"あなたはどこまで私と一緒に行けますか。", "How far can you go with me?"
"１年にどの位あなたは外国へ行きますか。", "How often in a year do you go abroad?"
"１年にどの位あなたは散髪しますか。", "How often in a year do you get a haircut?"
"１年にどの位あなたは映画に行きますか。", "How often in a year do you go to the movies?"
"１ヶ月にどの位あなたは歯医者に行きますか。", "How often in a month do you go to the dentist?"
"１ヶ月にどの位彼はここに来ますか。", "How often in a month does he come here?"
"１ヶ月にどの位あなたはゴルフをしますか。", "How often in a month do you play golf?"
"どうやってあなたは大阪へ行きましたか。", "How did you go to Osaka?"
"どうやってあなたは学校へ行きますか。", "How do you go to school?"
"どうやってあなたはここへ来ましたか。", "How did you come here?"
"どうやってあなたのお父さんは仕事へ行きますか。", "How does your father go to work?"
"どうやって彼はアメリカへ行きましたか。", "How did he go to America?"
"どうやってあなたは体重を減らしましたか。", "How did you lose weight?"
"どうやってあなたはタバコを止めましたか。", "How did you stop smoking?"
"どうやってあなたは彼と知り合ったのですか。", "How did you meet him?"
"どうやってあなたは彼等を説得しましたか。", "How did you persuade them?"
"どうやってあなたは商売を始めたのですか。", "How did you start your business?"
"私にコーヒーを１杯いただけますか。", "Can I have a cup of coffee?"
"私にパンを２枚いただけますか。", "Can I have two slices of bread?"
"私にミルクを２杯いただけますか。", "Can I have two glasses of milk?"
"彼にビールを１本持って行ってください。", "Take him a bottle of beer, please."
"私にコーラを１本持ってきてください。", "Bring me a bottle of coke, please."
"私にコーラをひと缶持ってきてください。", "Bring me a can of coke, please."
"私に紙を２枚持ってきてください。", "Bring me two pieces of paper, please."
"私にビールを１缶いただけますか。", "Can I have a can of beer?"
"私にパン１個いただけますか。", "Can I have a loaf of bread? [louf]"
"私に紙１枚いただけますか。", "Can I have a sheet of paper?"
"私に石けん１個いただけますか。", "Can I have a bar of soap? [soup]"
"私に板チョコを１枚いただけますか。", "Can I have a bar of chocolate? [tʃάkələt]"
"トーストを１枚いただけますか。", "Can I have a piece of toast? [tóʊst]"
"ハムを１枚いただけますか。", "Can I have a piece of ham?"
"ベーコンを１枚いただけますか。", "Can I have a piece of bacon?"
"私にチョークを１本持ってきてくれますか。", "Will you bring me a piece of chalk? [tʃˈɔːk]"
"私に紙を１枚持ってきてくれますか。", "Will you bring me a piece of paper? [peɪpə]"
"彼はロンドンに土地を１つもっています。", "He has a piece of land in London."
"私達にレモンティーを２杯持ってきてください。", "Give us two cups of tea with lemon, please."
"私達に冷たいオレンジジュースを２杯持ってきてください。", "Give us two glasses of chilled orange juice, please."
"私達にビールを２本持ってきてください。", "Give us two bottles of beer, please."
"私達にごはんを２杯持ってきてください。", "Give us two bowls of boiled rice, please."
"私達に角砂糖を２個持ってきてください。", "Give us two lumps of sugar, please."
"私達にパンを２枚持ってきてください。", "Give us two slices of bread, please."
"私達にビールを２缶持ってきたください。", "Give us two cans of beer, please."
"私達にパンを２個持ってきてください。", "Give us two loaves of bread, please."
"私達に紙を２枚持ってきてください。", "Give us two sheets of paper, please."
"私達に石けんを２個持ってきてください。", "Give us two bars of soap, please."
"私達にチョコレートを２枚持ってきてください。", "Give us two bars of chocolate, please."
"あなたは毎日何杯コーヒーを飲みますか。", "How many cups of coffee do you drink every day?"
"何杯水をおもちしましょうか。", "How many glasses of water do you want me to bring?"
"あなたは昼食に何杯ご飯を食べますか。", "How many bowls of rice do you eat for lunch?"
"あなたは毎日何本ビールを飲みますか。", "How many bottles of beer do you drink every day?"
"あなたは何枚紙が必要なのですか。", "How many sheets of paper do you need?"
"あなたは何箱石けんを買いましたか。", "How many boxes of soap did you buy?"
"あなたはいくつ土地をもっていますか。", "How many pieces of property do you own?"
"私は２年間シカゴに住みました。", "I lived in Chicago for two years."
"今日の午後私達は２時間フットボールをしました。", "This afternoon we played football for two hours. [άʊɚ]"
"私は今朝彼に電話をしました。", "I called him this morning."
"昨夜私はベティと電話で話しました。", "Last night I talked to Betty on the phone."
"私は早稲田の試験に落ちました。", "I failed the exam for Waseda University."
"彼は私のミスを笑いました。", "He laughed at my mistake."
"彼女は私に５つ質問をした。", "She asked me five questions. [kwéstʃən]"
"娘は青山の入試に合格しました。", "My daughter passed the examination for Aoyama. [dˈɔːṭɚ]"
"彼はカップを床の上に落としてしまった。", "He dropped a cup on the floor."
"彼は夕食前に手を洗いました。", "He washed his hands before dinner."
"私達は試合をテレビで見ました。", "We watched the game on TV."
"彼等は私達を夕食に招いてくれました。", "They invited us for dinner."
"私は何度もロンドンを訪れました。", "I visited London in many times."
"会合は３時に終わりました。", "The meeting ended at 3:00."
"パーティは７時に始まりました。", "The party started at 7:00."
"彼は同じミスを繰り返しました。", "He repeated the same mistake."
#p146
"私は２日前駅の近くで彼を見ました。", "I saw him near the station two days ago. [sˈɔː][əgóʊ]"
"私はおととい横浜へ行きました。", "I went to Yokohama the day before yesterday."
"彼は先週日曜日私の家に来ました。", "He came to my house last Sunday."
"彼女は朝早く家を出ました。", "She left home early in the morning."
"そのとき変な音が聞こえました。", "I heard a strange noise then. [hˈɚːd]"
